No,Math,Van,Anh,Ly,Hoa,Sinh,Su,Dia,GDCD,KhoiA,KhoiA1,KhoiB,KhoiD
'11002042,8.8,8,6.8,8.25,8.75,7.25,0,0,0,25.8,23.85,24.8,24.8
'11002822,7.8,0,0,0,7.5,7,0,0,0,15.3,7.8,22.3,22.3
'11002022,8.4,6,5,7,7.75,6,0,0,0,23.15,20.4,22.15,22.15
'11002025,8.4,4.75,5,8,7.25,6.5,0,0,0,23.65,21.4,22.15,22.15
'11002009,8.2,7.25,6.4,7.5,7.25,6.25,0,0,0,22.95,22.1,21.7,21.7
'11002805,9,6.75,5,6.25,6,6.5,0,0,0,21.25,20.25,21.5,21.5
'11002359,7.8,6,3.6,6.25,6,7.5,0,0,0,20.05,17.65,21.3,21.3
'11002857,8.6,5.25,4,6,6.5,6,0,0,0,21.1,18.6,21.1,21.1
'11002316,7.8,6.42,6.4,7,5.75,7.5,0,0,0,20.55,21.2,21.05,21.05
'11002772,6.8,7.5,4.4,5.25,6.75,7.25,0,0,0,18.8,16.45,20.8,20.8
'11002377,7.4,8,6.2,8,7.5,5.75,0,0,0,22.9,21.6,20.65,20.65
'11002791,7.4,6,5.4,6,5.5,7.5,0,0,0,18.9,18.8,20.4,20.4
'11002754,7.8,7.25,6.8,5,6.5,6,0,0,0,19.3,19.6,20.3,20.3
'11002849,7.4,7.25,4.4,6.25,5.25,6.5,0,0,0,18.9,18.05,19.15,19.15
'11002803,7.4,4.75,4,7,6,5.75,0,0,0,20.4,18.4,19.15,19.15
'11002357,7,0,0,5.5,6.5,5.5,0,0,0,19,12.5,19,19
'11002121,7.6,4.75,3.8,5,6,5.25,0,0,0,18.6,16.4,18.85,18.85
'11002322,6.8,6.75,3.2,5.75,4.75,7.25,0,0,0,17.3,15.75,18.8,18.8
'11002850,6.6,5,4.4,8,5.25,6.5,0,0,0,19.85,19,18.35,18.35
'11002456,7.8,0,0,0,4.5,6,0,0,0,12.3,7.8,18.3,18.3
'11002818,7.2,0,0,0,4.25,6.5,0,0,0,11.45,7.2,17.95,17.95
'11002016,7.4,5,5,7.75,5,4.5,0,0,0,20.15,20.15,16.9,16.9
'11002104,7.6,0,0,6.75,7.5,0,0,0,0,21.85,14.35,15.1,15.1
'11002563,7.6,0,0,7.5,7.5,0,0,0,0,22.6,15.1,15.1,15.1
'11002814,8.4,0,0,7.5,5.25,0,0,0,0,21.15,15.9,13.65,13.65
'11002514,4.8,0,0,2,2.75,5.25,0,0,0,9.55,6.8,12.8,12.8
'11002836,4.4,0,0,0,1.75,4.5,0,0,0,6.15,4.4,10.65,10.65
'11002110,9.4,7.5,8.2,0,0,0,0,0,0,9.4,17.6,9.4,9.4
'11002045,8.8,8,8.8,0,0,0,6.5,8.25,9.25,8.8,17.6,8.8,8.8
'11002148,8.6,8,4,0,0,0,0,0,0,8.6,12.6,8.6,8.6
'11002247,8.6,7.25,3,0,0,0,4.5,7,8.75,8.6,11.6,8.6,8.6
'11002232,8.4,8,0,0,0,0,8.5,0,0,8.4,8.4,8.4,8.4
'11002582,8.4,7,6.2,0,0,0,6,8,8.5,8.4,14.6,8.4,8.4
'11002231,8.2,4.25,2.8,0,0,0,7,8.75,9.75,8.2,11,8.2,8.2
'11002087,8.2,7,5,0,0,0,5,7,8.25,8.2,13.2,8.2,8.2
'11002840,8.2,7.25,5.4,0,0,0,7.25,8.5,9.5,8.2,13.6,8.2,8.2
'11002411,8.2,7,3.8,0,0,0,7.5,7.75,9.5,8.2,12,8.2,8.2
'11002419,8.2,7.75,6.2,0,0,0,7.25,9.5,8.75,8.2,14.4,8.2,8.2
'11002164,8.2,6.75,4.8,0,0,0,8,8,9.75,8.2,13,8.2,8.2
'11002654,8,8.5,6,0,0,0,9.25,9.75,10,8,14,8,8
'11002026,8,7.75,4.4,0,0,0,5.25,7.25,9.5,8,12.4,8,8
'11002027,8,6.25,2.6,0,0,0,3.75,7.75,8.25,8,10.6,8,8
ï»¿'11002001,8,6,2.6,0,0,0,7,8,9.25,8,10.6,8,8
'11002434,8,6.5,4.4,0,0,0,7.5,7,9.25,8,12.4,8,8
'11002439,8,8.5,5.4,0,0,0,8.5,8.25,9.75,8,13.4,8,8
'11002018,8,6.75,3,0,0,0,5,6.25,8.75,8,11,8,8
'11002492,8,8.5,0,0,0,0,9.5,0,0,8,8,8,8
'11002046,8,6,3.4,0,0,0,7.25,7.25,9.75,8,11.4,8,8
'11002076,8,6,4,0,0,0,7.75,8.25,9.25,8,12,8,8
'11002569,8,5.25,4.8,0,0,0,7,8,8.75,8,12.8,8,8
'11002573,8,8.25,5.6,0,0,0,8.25,8.25,9.5,8,13.6,8,8
'11002187,8,7.25,4.2,0,0,0,7.75,8.75,9.25,8,12.2,8,8
'11002596,8,7.25,5.6,0,0,0,6,7.75,9,8,13.6,8,8
'11002052,7.8,7.25,3,0,0,0,5,7.5,8.5,7.8,10.8,7.8,7.8
'11002586,7.8,8.5,4.4,0,0,0,7.25,8.25,8.75,7.8,12.2,7.8,7.8
'11002526,7.8,7.75,5.4,0,0,0,8,7.5,9.75,7.8,13.2,7.8,7.8
'11002538,7.8,7.5,5.4,0,0,0,6.75,8,9.25,7.8,13.2,7.8,7.8
'11002832,7.8,8,5.4,0,0,0,8.25,8.5,8.5,7.8,13.2,7.8,7.8
'11002699,7.8,8,5.8,0,0,0,8.25,8,9,7.8,13.6,7.8,7.8
'11002559,7.8,8.25,0,0,0,0,9.25,0,0,7.8,7.8,7.8,7.8
'11002190,7.8,7.5,5.8,0,0,0,0,0,0,7.8,13.6,7.8,7.8
'11002385,7.8,6.5,5,0,0,0,6.5,8,9.25,7.8,12.8,7.8,7.8
'11002493,7.8,5.5,0,0,0,0,6.75,8,0,7.8,7.8,7.8,7.8
'11002370,7.6,6.5,4.8,0,0,0,6.75,7.75,9.75,7.6,12.4,7.6,7.6
'11002035,7.6,6,4,0,0,0,6.25,7.75,9.25,7.6,11.6,7.6,7.6
'11002103,7.6,7,5,0,0,0,7.5,9,8.75,7.6,12.6,7.6,7.6
'11002535,7.6,7.75,5.4,0,0,0,8.25,7.75,8.25,7.6,13,7.6,7.6
'11002797,7.6,5.5,5,0,0,0,5.5,7.25,8.75,7.6,12.6,7.6,7.6
'11002410,7.6,6.5,2.6,0,0,0,8,8.75,10,7.6,10.2,7.6,7.6
'11002008,7.6,7.75,5.4,0,0,0,6.25,8,9.25,7.6,13,7.6,7.6
'11002171,1.6,3.25,0,1.25,2.75,3.25,0,0,0,5.6,2.85,7.6,7.6
'11002081,7.6,5.75,3.2,0,0,0,4.25,7.25,8.25,7.6,10.8,7.6,7.6
'11002570,7.6,8.5,6,0,0,0,8,8,9.25,7.6,13.6,7.6,7.6
'11002829,7.6,7.25,6.4,0,0,0,8,6.5,9.25,7.6,14,7.6,7.6
'11002351,7.6,5.5,3.6,0,0,0,7.75,8.5,9.5,7.6,11.2,7.6,7.6
'11002111,7.6,6.5,3.4,0,0,0,7,7.25,9,7.6,11,7.6,7.6
'11002463,7.6,8.25,4.8,0,0,0,6.5,8,9.5,7.6,12.4,7.6,7.6
'11002472,7.6,8.5,3.6,0,0,0,8,8,8.5,7.6,11.2,7.6,7.6
'11002632,7.6,5.75,3.6,0,0,0,6.5,7.5,9,7.6,11.2,7.6,7.6
'11002221,7.6,8.5,3,0,0,0,9.25,8,9.25,7.6,10.6,7.6,7.6
'11002747,7.4,8,5.2,0,0,0,8,8.5,9.75,7.4,12.6,7.4,7.4
'11002360,7.4,6.5,3.6,0,0,0,3,8.25,9.25,7.4,11,7.4,7.4
'11002268,7.4,7,3.2,0,0,0,5.5,7.25,9,7.4,10.6,7.4,7.4
'11002783,7.4,6.5,5,0,0,0,5.5,8,8.75,7.4,12.4,7.4,7.4
'11002555,7.4,6.5,5,0,0,0,5.75,7,9,7.4,12.4,7.4,7.4
'11002116,7.4,5.75,5.4,0,0,0,6,8.5,8,7.4,12.8,7.4,7.4
'11002802,7.4,5.25,4.2,0,0,0,9,8.25,9,7.4,11.6,7.4,7.4
'11002471,7.4,8,4.2,0,0,0,9,7,9.25,7.4,11.6,7.4,7.4
'11002167,7.4,6.75,5.4,0,0,0,6,7.75,9,7.4,12.8,7.4,7.4
'11002169,7.4,8,5.4,0,0,0,6.25,8,9.25,7.4,12.8,7.4,7.4
'11002815,7.4,7.5,5.4,0,0,0,5.25,9.25,8.75,7.4,12.8,7.4,7.4
'11002353,7.4,6.25,5,0,0,0,6.25,7.25,9.25,7.4,12.4,7.4,7.4
'11002579,7.4,7.25,2.6,0,0,0,7.75,7.75,7,7.4,10,7.4,7.4
'11002496,7.4,7.75,4.8,0,0,0,7,6.5,8.75,7.4,12.2,7.4,7.4
'11002235,7.4,6.75,4.6,0,0,0,5,7,8.25,7.4,12,7.4,7.4
'11002519,7.4,7,4,0,0,0,5.25,7.25,8.5,7.4,11.4,7.4,7.4
'11002522,7.4,7.75,5.2,0,0,0,6.5,7.75,9.25,7.4,12.6,7.4,7.4
'11002841,7.4,6.5,4.4,0,0,0,0,0,0,7.4,11.8,7.4,7.4
'11002212,7.4,7,6.4,0,0,0,7.75,8.5,9.75,7.4,13.8,7.4,7.4
'11002531,7.4,6.25,4.8,0,0,0,3.75,6.25,8.25,7.4,12.2,7.4,7.4
'11002854,7.4,6.25,5.8,0,0,0,4.25,7.75,8.75,7.4,13.2,7.4,7.4
'11002742,7.4,7.5,4.8,0,0,0,6.75,7,9.5,7.4,12.2,7.4,7.4
'11002762,7.2,7.25,4.6,0,0,0,8.25,7.5,10,7.2,11.8,7.2,7.2
'11002767,7.2,5,3.2,0,0,0,5.5,8,8.5,7.2,10.4,7.2,7.2
'11002427,7.2,8.25,5.4,0,0,0,8.75,8,9.25,7.2,12.6,7.2,7.2
'11002342,7.2,4.5,2.4,0,0,0,5.5,6.75,9.5,7.2,9.6,7.2,7.2
'11002002,7.2,4,1.8,0,0,0,1.75,7,9.75,7.2,9,7.2,7.2
'11002556,7.2,4,0,0,0,0,3.75,5.25,0,7.2,7.2,7.2,7.2
'11002447,7.2,7.5,2.4,0,0,0,8,8,9.25,7.2,9.6,7.2,7.2
'11002014,7.2,7.5,6.4,0,0,0,5,6.25,8,7.2,13.6,7.2,7.2
'11002355,7.2,7.25,5.4,0,0,0,7,8.25,9.75,7.2,12.6,7.2,7.2
'11002036,7.2,8,3.6,0,0,0,5,7.5,9,7.2,10.8,7.2,7.2
'11002053,7.2,8,3.6,0,0,0,3.25,7.5,9.25,7.2,10.8,7.2,7.2
'11002574,7.2,7,3.2,0,0,0,7.25,7.25,9.5,7.2,10.4,7.2,7.2
'11002485,7.2,5.5,4.6,0,0,0,5.25,7.25,9.25,7.2,11.8,7.2,7.2
'11002239,7.2,5.5,3.2,0,0,0,7,8.25,9.25,7.2,10.4,7.2,7.2
'11002054,7.2,5.5,2.6,0,0,0,4.75,6.5,8,7.2,9.8,7.2,7.2
'11002494,7.2,6.5,3.4,0,0,0,6.5,7.25,9,7.2,10.6,7.2,7.2
'11002839,7.2,5.5,3,0,0,0,5.25,7,8.75,7.2,10.2,7.2,7.2
'11002037,7.2,8,4.2,0,0,0,5,6.25,8.25,7.2,11.4,7.2,7.2
'11002277,7.2,6.25,3.6,0,0,0,6.75,8.5,8.25,7.2,10.8,7.2,7.2
'11002391,7.2,6.75,4.4,0,0,0,5.5,8.25,8.5,7.2,11.6,7.2,7.2
'11002020,7.2,6.25,3.2,0,0,0,4.25,7.5,8.5,7.2,10.4,7.2,7.2
'11002145,7.2,8.5,3,0,0,0,8.5,8,8.75,7.2,10.2,7.2,7.2
'11002341,7.2,7.5,5,0,0,0,8.25,8.75,9.25,7.2,12.2,7.2,7.2
'11002787,7,6,5.2,0,0,0,5.75,7.5,9.25,7,12.2,7,7
'11002051,7,6.75,5,0,0,0,4.25,7.25,8.25,7,12,7,7
'11002429,7,5,4,0,0,0,6.5,6.5,8.25,7,11,7,7
'11002236,7,7,5,0,0,0,5.25,8,9.25,7,12,7,7
'11002180,7,6.25,2,0,0,0,3.75,8,8.5,7,9,7,7
'11002146,7,5,2.8,0,0,0,6.75,7.5,9,7,9.8,7,7
'11002100,7,7.5,3.6,0,0,0,4.5,7.25,8,7,10.6,7,7
'11002023,7,7,4.4,0,0,0,7.25,8.5,9.25,7,11.4,7,7
'11002546,7,7,3.2,0,0,0,5.25,7.25,7.75,7,10.2,7,7
'11002735,7,6.25,3.8,0,0,0,9,6.75,9.25,7,10.8,7,7
'11002739,7,6.75,2.8,0,0,0,8.5,5.75,9.25,7,9.8,7,7
'11002308,7,6.75,4.6,0,0,0,4.75,7.25,8.25,7,11.6,7,7
'11002310,7,8,8.4,0,0,0,5.5,7.75,8.5,7,15.4,7,7
'11002011,7,6.25,3,0,0,0,7.25,7.5,9.25,7,10,7,7
'11002227,7,6.5,2.6,0,0,0,5.75,7.25,8.75,7,9.6,7,7
'11002142,7,6.25,4,0,0,0,4.75,8,8.5,7,11,7,7
'11002770,7,6.25,4.8,0,0,0,7.75,8.25,8.75,7,11.8,7,7
'11002170,7,5.75,4.8,0,0,0,5.75,8.25,9.25,7,11.8,7,7
'11002343,7,3.5,2.4,0,0,0,5,7.75,8.25,7,9.4,7,7
'11002784,7,6.5,4.6,0,0,0,8.25,7.25,9.5,7,11.6,7,7
'11002089,6.8,7.25,4.8,0,0,0,5.5,7.75,8.25,6.8,11.6,6.8,6.8
'11002290,6.8,6,3.8,0,0,0,5.75,8,8.25,6.8,10.6,6.8,6.8
'11002402,6.8,6,3.2,0,0,0,7.25,7.25,9,6.8,10,6.8,6.8
'11002233,6.8,7.25,4.8,0,0,0,4.5,8.25,7.75,6.8,11.6,6.8,6.8
'11002191,6.8,5.5,3.8,0,0,0,5.25,8,7.5,6.8,10.6,6.8,6.8
'11002356,6.8,6.5,3.2,0,0,0,4.5,7.75,9,6.8,10,6.8,6.8
'11002421,6.8,6.25,2.6,0,0,0,5.25,7.5,8,6.8,9.4,6.8,6.8
'11002423,6.8,8,1.8,0,0,0,7.5,7.5,8.75,6.8,8.6,6.8,6.8
'11002621,6.8,6.75,5.6,0,0,0,6.5,8.5,10,6.8,12.4,6.8,6.8
'11002425,6.8,8,4,0,0,0,8.75,9.5,9.5,6.8,10.8,6.8,6.8
'11002645,6.8,6.25,4.2,0,0,0,7.5,9.5,9.25,6.8,11,6.8,6.8
'11002312,6.8,5.5,4,0,0,0,7.5,8,9.25,6.8,10.8,6.8,6.8
'11002826,6.8,6.75,4.8,0,0,0,6.75,8.25,9.5,6.8,11.6,6.8,6.8
'11002097,6.8,7.75,2.2,0,0,0,7,8.5,10,6.8,9,6.8,6.8
'11002028,6.8,5.5,4,0,0,0,2.5,6.25,6.75,6.8,10.8,6.8,6.8
'11002367,6.8,7.5,3.2,0,0,0,3,7.25,8.25,6.8,10,6.8,6.8
'11002033,6.8,6.5,0,0,0,0,7.75,8,0,6.8,6.8,6.8,6.8
'11002539,6.8,7.5,5.8,0,0,0,8,8,9,6.8,12.6,6.8,6.8
'11002448,6.8,7.25,4.6,0,0,0,5,7.25,9,6.8,11.4,6.8,6.8
'11002454,6.8,4,0,0,0,0,4.25,6.5,0,6.8,6.8,6.8,6.8
'11002372,6.8,5.75,4,0,0,0,5,7.25,9,6.8,10.8,6.8,6.8
'11002462,6.8,6.5,5.4,0,0,0,8.5,8,8.5,6.8,12.2,6.8,6.8
'11002062,6.8,5.25,4.2,0,0,0,6.5,8.25,9.25,6.8,11,6.8,6.8
'11002858,6.8,6.5,5.4,0,0,0,5.25,7.75,9.5,6.8,12.2,6.8,6.8
'11002007,6.6,7,6,0,0,0,6,6.75,8.5,6.6,12.6,6.6,6.6
'11002486,6.6,7.25,4.2,0,0,0,8,8,9,6.6,10.8,6.6,6.6
'11002352,6.6,6.5,5.8,0,0,0,5.25,8.25,9,6.6,12.4,6.6,6.6
'11002789,6.6,6.75,4.6,0,0,0,7,7.5,9.25,6.6,11.2,6.6,6.6
'11002229,6.6,5.25,3.6,0,0,0,5,8,8.75,6.6,10.2,6.6,6.6
'11002114,6.6,6,4.4,0,0,0,6.25,8.25,8.75,6.6,11,6.6,6.6
'11002307,6.6,7,4,0,0,0,4.25,7.75,8.5,6.6,10.6,6.6,6.6
'11002584,6.6,6.75,4.8,0,0,0,5.75,6.75,9.5,6.6,11.4,6.6,6.6
'11002502,6.6,6.5,4.2,0,0,0,9,8,9,6.6,10.8,6.6,6.6
'11002021,6.6,7.5,5.8,0,0,0,5.25,8,9.5,6.6,12.4,6.6,6.6
'11002597,6.6,8,5.6,0,0,0,8,7.25,8.25,6.6,12.2,6.6,6.6
'11002816,6.6,5.5,3,0,0,0,5,6.75,9,6.6,9.6,6.6,6.6
'11002309,6.6,6.75,3.6,0,0,0,5.5,7,8.5,6.6,10.2,6.6,6.6
'11002075,6.6,5.75,3.8,0,0,0,5.75,8.75,9.25,6.6,10.4,6.6,6.6
'11002523,6.6,7,0,0,0,0,5.75,7,0,6.6,6.6,6.6,6.6
'11002122,6.6,8,3.8,0,0,0,6.25,6.25,8.25,6.6,10.4,6.6,6.6
'11002123,6.6,6,2.8,0,0,0,6.5,7.5,10,6.6,9.4,6.6,6.6
'11002218,6.6,4.75,3.8,0,0,0,6.75,7.5,9,6.6,10.4,6.6,6.6
'11002838,6.6,5.25,4.6,0,0,0,5.25,5.75,8,6.6,11.2,6.6,6.6
'11002324,6.6,5.5,3.2,0,0,0,6.5,7,9.5,6.6,9.8,6.6,6.6
'11002330,6.6,6,4.6,0,0,0,4.5,7.75,8.75,6.6,11.2,6.6,6.6
'11002040,6.6,5.75,3.8,0,0,0,3.5,6.75,8,6.6,10.4,6.6,6.6
'11002547,6.6,5.75,4.4,0,0,0,6.25,8.5,9.25,6.6,11,6.6,6.6
'11002396,6.6,7,4.6,0,0,0,8,8.5,9,6.6,11.2,6.6,6.6
'11002249,6.6,7.42,2.4,0,0,0,6.5,7.5,9,6.6,9,6.6,6.6
'11002257,6.6,6.75,2.6,0,0,0,5.25,7.5,8.5,6.6,9.2,6.6,6.6
'11002482,6.6,5.75,5.8,0,0,0,7.25,7.75,9,6.6,12.4,6.6,6.6
'11002869,6.6,5.75,4.2,0,0,0,8.5,8.5,8.75,6.6,10.8,6.6,6.6
'11002792,6.4,6,3.6,0,0,0,6.5,7,9.25,6.4,10,6.4,6.4
'11002796,6.4,8,6.2,0,0,0,8.25,8.75,9.5,6.4,12.6,6.4,6.4
'11002464,6.4,6.25,3.6,0,0,0,5,6.5,8.5,6.4,10,6.4,6.4
'11002798,6.4,5.75,5,0,0,0,8.25,7.75,9.75,6.4,11.4,6.4,6.4
'11002630,6.4,5.25,3,0,0,0,5,6.5,9,6.4,9.4,6.4,6.4
'11002549,6.4,7.25,4,0,0,0,5.25,8.75,9,6.4,10.4,6.4,6.4
'11002635,6.4,6.5,3.6,0,0,0,6.25,7.25,9.25,6.4,10,6.4,6.4
'11002806,6.4,4.5,3.4,0,0,0,5,7.25,8,6.4,9.8,6.4,6.4
'11002507,6.4,4.75,3.6,0,0,0,6,7,7.25,6.4,10,6.4,6.4
'11002019,6.4,7.5,3.8,0,0,0,6,7.5,9.5,6.4,10.2,6.4,6.4
'11002688,6.4,6.25,3.4,0,0,0,6.25,7.5,9.5,6.4,9.8,6.4,6.4
'11002518,6.4,3,0,0,0,0,4.25,7.25,0,6.4,6.4,6.4,6.4
'11002561,6.4,7,4.8,0,0,0,5.25,7.25,9.25,6.4,11.2,6.4,6.4
'11002004,6.4,6.5,4,0,0,0,5,7.5,8.5,6.4,10.4,6.4,6.4
'11002475,6.4,9.25,4.6,0,0,0,8,8.25,9,6.4,11,6.4,6.4
'11002090,6.4,5.75,2.8,0,0,0,6,8,8.25,6.4,9.2,6.4,6.4
'11002835,6.4,5.75,5,0,0,0,3.5,7.75,8.5,6.4,11.4,6.4,6.4
'11002524,6.4,7.75,3.6,0,0,0,5.25,8.5,9,6.4,10,6.4,6.4
'11002259,6.4,7.75,5,0,0,0,7,8,9.25,6.4,11.4,6.4,6.4
'11002528,6.4,7,2.6,0,0,0,4.75,7.25,8.75,6.4,9,6.4,6.4
'11002769,6.4,8,4.8,0,0,0,7.5,8.25,8.75,6.4,11.2,6.4,6.4
'11002161,6.4,7,2.8,0,0,0,5,7,8.5,6.4,9.2,6.4,6.4
'11002010,6.4,6.25,2.8,0,0,0,3.75,6.5,9,6.4,9.2,6.4,6.4
'11002318,6.4,6.75,3.4,0,0,0,5,7.25,9,6.4,9.8,6.4,6.4
'11002589,6.4,5.25,0,0,0,0,6.25,8,0,6.4,6.4,6.4,6.4
'11002592,6.4,6.5,0,0,0,0,6.75,6.5,0,6.4,6.4,6.4,6.4
'11002056,6.4,7,4,0,0,0,6.5,8,9.75,6.4,10.4,6.4,6.4
'11002868,6.4,4.75,3.2,0,0,0,6,8.75,8.75,6.4,9.6,6.4,6.4
'11002301,6.4,5.25,3.2,0,0,0,7,7.75,8.75,6.4,9.6,6.4,6.4
'11002409,6.2,5,2.6,0,0,0,5.5,8.25,9,6.2,8.8,6.2,6.2
'11002598,6.2,7,5.6,0,0,0,5.25,7.5,9,6.2,11.8,6.2,6.2
'11002041,6.2,6.25,2,0,0,0,6.25,7.25,8.75,6.2,8.2,6.2,6.2
'11002497,6.2,6.5,3.2,0,0,0,7,7.5,8,6.2,9.4,6.2,6.2
'11002552,6.2,5.75,5,0,0,0,4.5,6.75,9.25,6.2,11.2,6.2,6.2
'11002270,6.2,4,4.2,0,0,0,6.75,8,8,6.2,10.4,6.2,6.2
'11002458,6.2,6.5,4,0,0,0,4.5,7,7.75,6.2,10.2,6.2,6.2
'11002511,6.2,5,2.6,0,0,0,3.25,4.75,7,6.2,8.8,6.2,6.2
'11002665,6.2,7.42,2.6,0,0,0,6.5,8.5,9.75,6.2,8.8,6.2,6.2
'11002031,6.2,5.5,5.6,0,0,0,2.75,7,8.75,6.2,11.8,6.2,6.2
'11002155,6.2,5.25,2.8,0,0,0,4,7,7.75,6.2,9,6.2,6.2
'11002564,6.2,6.25,2.2,0,0,0,5.25,5.25,6,6.2,8.4,6.2,6.2
'11002565,6.2,7.75,8.2,0,0,0,9,8,9.25,6.2,14.4,6.2,6.2
'11002006,6.2,7.75,4.6,0,0,0,4,7.5,8.5,6.2,10.8,6.2,6.2
'11002125,6.2,6.25,5,0,0,0,5.5,8,9,6.2,11.2,6.2,6.2
'11002748,6.2,5.75,4,0,0,0,4,6.75,8.5,6.2,10.2,6.2,6.2
'11002012,6.2,4.5,3.2,0,0,0,5.25,5.75,8,6.2,9.4,6.2,6.2
'11002837,6.2,5.75,3.6,0,0,0,5.75,7.75,9.5,6.2,9.8,6.2,6.2
'11002392,6.2,7.75,7,0,0,0,0,0,0,6.2,13.2,6.2,6.2
'11002478,6.2,6.25,3.8,0,0,0,6,7,8.5,6.2,10,6.2,6.2
'11002580,6.2,5.75,4.2,0,0,0,7.25,7,9,6.2,10.4,6.2,6.2
'11002581,6.2,5.5,3,0,0,0,6.25,7.75,9.25,6.2,9.2,6.2,6.2
'11002430,6.2,6.5,3.4,0,0,0,8,8.25,8.25,6.2,9.6,6.2,6.2
'11002432,6.2,6.5,4.8,0,0,0,4.5,7,8.5,6.2,11,6.2,6.2
'11002534,6.2,7.5,4,0,0,0,6.25,7.5,9,6.2,10.2,6.2,6.2
'11002340,6.2,5.5,3.2,0,0,0,4.5,7.75,9.25,6.2,9.4,6.2,6.2
'11002397,6.2,4.75,2.6,0,0,0,5.5,6,9,6.2,8.8,6.2,6.2
'11002859,6.2,6.75,3.6,0,0,0,4.25,6.5,8.75,6.2,9.8,6.2,6.2
'11002595,6.2,5.5,4.4,0,0,0,6.25,7,8,6.2,10.6,6.2,6.2
'11002047,6.2,4,3,0,0,0,5.5,7,8.25,6.2,9.2,6.2,6.2
'11002224,6,4.25,2.4,0,0,0,3.5,7.75,8.5,6,8.4,6,6
'11002099,6,4.25,2.6,0,0,0,3.5,6.5,7.25,6,8.6,6,6
'11002085,6,5.5,2.4,0,0,0,5.25,7.75,8,6,8.4,6,6
'11002479,6,7,5.2,0,0,0,6.5,8.5,9.25,6,11.2,6,6
'11002329,6,8,4,0,0,0,6.75,7.25,8.75,6,10,6,6
'11002541,6,6.75,4.2,0,0,0,3.75,6.75,8.5,6,10.2,6,6
'11002066,6,5.25,2.4,0,0,0,5,6.5,7.5,6,8.4,6,6
'11002332,6,6,3.8,0,0,0,6.25,7.5,9,6,9.8,6,6
'11002487,6,6.25,3.6,0,0,0,6,6.5,8.75,6,9.6,6,6
'11002551,6,7.25,4.8,0,0,0,7.25,7.25,9,6,10.8,6,6
'11002433,6,5.5,2,0,0,0,6.5,7.75,8.5,6,8,6,6
'11002338,6,6.25,3.6,0,0,0,6,8,7.75,6,9.6,6,6
'11002819,6,4.25,4,0,0,0,7.5,9,8,6,10,6,6
'11002678,6,7,3,0,0,0,3.5,7,8.5,6,9,6,6
'11002825,6,5,3.8,0,0,0,6,7.25,8.75,6,9.8,6,6
'11002044,6,4.5,3,0,0,0,4.25,6.5,7.75,6,9,6,6
'11002441,6,7.5,2.8,0,0,0,6.75,6.75,9,6,8.8,6,6
'11002442,6,6.5,4,0,0,0,3.25,4.75,7.25,6,10,6,6
'11002834,6,6,3.6,0,0,0,8.25,7.25,9.25,6,9.6,6,6
'11002444,6,7,3,0,0,0,6.75,7.25,8.25,6,9,6,6
'11002503,6,6.5,3.6,0,0,0,4.5,7.25,8.25,6,9.6,6,6
'11002292,6,5.25,3.4,0,0,0,7.75,8.25,9,6,9.4,6,6
'11002295,6,7,3.4,0,0,0,5,6,8,6,9.4,6,6
'11002124,6,6.25,3.6,0,0,0,6.5,6.5,8.25,6,9.6,6,6
'11002571,6,8.5,4.2,0,0,0,6.75,7.5,9.25,6,10.2,6,6
'11002515,6,7.5,3.8,0,0,0,5.25,7.5,8,6,9.8,6,6
'11002196,6,5.5,5.2,0,0,0,5.75,6.75,7.75,6,11.2,6,6
'11002457,6,8,4.2,0,0,0,7,7.5,9,6,10.2,6,6
'11002205,6,6,3.4,0,0,0,3.75,7.5,9,6,9.4,6,6
'11002003,6,5.75,3.4,0,0,0,2.5,7.5,8.75,6,9.4,6,6
'11002092,6,5.75,4.8,0,0,0,5.25,8,9.5,6,10.8,6,6
'11002219,6,7,2.6,0,0,0,3.75,6.75,8.25,6,8.6,6,6
'11002860,6,6.75,3.8,0,0,0,6.25,7,9.5,6,9.8,6,6
'11002864,6,7,3.4,0,0,0,4.75,7.5,8.75,6,9.4,6,6
'11002063,6,5,3.4,0,0,0,8.25,8.25,8.75,6,9.4,6,6
'11002530,6,7,3.6,0,0,0,4,7.5,8.75,6,9.6,6,6
'11002542,5.8,4.25,2.8,0,0,0,6.25,6.75,8.25,5.8,8.6,5.8,5.8
'11002177,5.8,5.5,3.6,0,0,0,8,8,7.75,5.8,9.4,5.8,5.8
'11002179,5.8,5.5,3.4,0,0,0,6.5,7.25,8.5,5.8,9.2,5.8,5.8
'11002548,5.8,8.25,4,0,0,0,5.5,7.25,8.5,5.8,9.8,5.8,5.8
'11002605,5.8,6.5,2.6,0,0,0,3.25,4.75,9.25,5.8,8.4,5.8,5.8
'11002417,5.8,4.75,3,0,0,0,7,8.5,8.75,5.8,8.8,5.8,5.8
'11002627,5.8,5.75,2.4,0,0,0,5.75,6.75,8.75,5.8,8.2,5.8,5.8
'11002228,5.8,5.25,2,0,0,0,6.25,7.5,8.25,5.8,7.8,5.8,5.8
'11002152,5.8,4.75,2.8,0,0,0,6.75,7.75,8.5,5.8,8.6,5.8,5.8
'11002506,5.8,8,3.6,0,0,0,7.5,7.25,8.5,5.8,9.4,5.8,5.8
'11002461,5.8,6.5,2.6,0,0,0,5.25,6.5,8.25,5.8,8.4,5.8,5.8
'11002134,5.8,5.75,4.2,0,0,0,4,6.25,8.25,5.8,10,5.8,5.8
'11002366,5.8,7.25,3.4,0,0,0,4.25,6.75,9.25,5.8,9.2,5.8,5.8
'11002038,5.8,7.25,3,0,0,0,4,6.75,7.75,5.8,8.8,5.8,5.8
'11002294,5.8,3.5,2.2,0,0,0,3.5,6.5,7.25,5.8,8,5.8,5.8
'11002693,5.8,8,2.4,0,0,0,8.25,9,9.5,5.8,8.2,5.8,5.8
'11002144,5.8,8.25,2.6,0,0,0,6,8,8.75,5.8,8.4,5.8,5.8
'11002701,5.8,8.25,6,0,0,0,8,7.5,9,5.8,11.8,5.8,5.8
'11002729,5.8,6.75,4.6,0,0,0,7,7.75,8.5,5.8,10.4,5.8,5.8
'11002833,5.8,5,2.8,0,0,0,5.5,7.75,8,5.8,8.6,5.8,5.8
'11002730,5.8,7.5,3.8,0,0,0,9.25,8.25,9.25,5.8,9.6,5.8,5.8
'11002473,5.8,4,0,0,0,0,5,6,0,5.8,5.8,5.8,5.8
'11002068,5.8,5.5,3.2,0,0,0,3.25,6,7.25,5.8,9,5.8,5.8
'11002043,5.8,6.25,2.2,0,0,0,4.25,7.75,7,5.8,8,5.8,5.8
'11002055,5.8,5.75,3.2,0,0,0,3.75,5.75,7.75,5.8,9,5.8,5.8
'11002480,5.8,4.5,0,0,0,0,6,7.5,0,5.8,5.8,5.8,5.8
'11002750,5.8,5.75,3.4,0,0,0,5.5,6.75,6.75,5.8,9.2,5.8,5.8
'11002575,5.8,5.75,3.2,0,0,0,5.25,2.25,8,5.8,9,5.8,5.8
'11002151,5.8,5,3,0,0,0,2.75,8,9,5.8,8.8,5.8,5.8
'11002440,5.8,6.5,3.2,0,0,0,5.5,7,8.5,5.8,9,5.8,5.8
'11002349,5.8,5.75,3.2,0,0,0,3.5,6.25,8,5.8,9,5.8,5.8
'11002174,5.8,6,3,0,0,0,5.5,9,9.25,5.8,8.8,5.8,5.8
'11002537,5.8,8,0,0,0,0,6.5,7.5,9.5,5.8,5.8,5.8,5.8
'11002780,5.8,7.25,4.8,0,0,0,7.75,8,8.75,5.8,10.6,5.8,5.8
'11002489,5.8,7.5,6,0,0,0,8.5,7,9.5,5.8,11.8,5.8,5.8
'11002588,5.8,5.25,3.2,0,0,0,4.25,6,7.75,5.8,9,5.8,5.8
'11002311,5.8,8,6.2,0,0,0,8,8.75,9.75,5.8,12,5.8,5.8
'11002176,5.8,6,2.2,0,0,0,5.5,7.75,8.5,5.8,8,5.8,5.8
'11002870,5.8,4,3,0,0,0,5,6.75,6.25,5.8,8.8,5.8,5.8
'11002804,5.6,5,2.8,0,0,0,5.75,8,8.5,5.6,8.4,5.6,5.6
'11002286,5.6,5,2.4,0,0,0,3.25,6.75,8.75,5.6,8,5.6,5.6
'11002516,5.6,5.25,5.6,0,0,0,3.75,7,8.5,5.6,11.2,5.6,5.6
'11002241,5.6,6.75,3,0,0,0,5.25,6.75,9.25,5.6,8.6,5.6,5.6
'11002139,5.6,7.75,3.4,0,0,0,5.25,8,8.25,5.6,9,5.6,5.6
'11002550,5.6,5.5,4.4,0,0,0,5,7,8.25,5.6,10,5.6,5.6
'11002375,5.6,5.5,2,0,0,0,4.5,8,8.75,5.6,7.6,5.6,5.6
'11002072,5.6,5.5,2.8,0,0,0,4.75,7.75,7.25,5.6,8.4,5.6,5.6
'11002553,5.6,6.5,3.8,0,0,0,4.75,6.75,8.5,5.6,9.4,5.6,5.6
'11002590,5.6,5.5,2.4,0,0,0,4.5,7.25,8.25,5.6,8,5.6,5.6
'11002554,5.6,6.25,2.8,0,0,0,4.25,5.75,7.25,5.6,8.4,5.6,5.6
'11002593,5.6,5.25,3.4,0,0,0,6.5,7.25,8.75,5.6,9,5.6,5.6
'11002013,5.6,5.5,2.8,0,0,0,4.25,6.25,8,5.6,8.4,5.6,5.6
'11002460,5.6,6.5,3.6,0,0,0,5,5.25,6.75,5.6,9.2,5.6,5.6
'11002558,5.6,7,4.2,0,0,0,5.75,8.25,9.75,5.6,9.8,5.6,5.6
'11002222,5.6,6.33,3.6,0,0,0,5,7.5,8,5.6,9.2,5.6,5.6
'11002354,5.6,6,4,0,0,0,7.25,7.75,8.5,5.6,9.6,5.6,5.6
'11002263,5.6,5.75,3.2,0,0,0,5,6.75,8,5.6,8.8,5.6,5.6
'11002172,5.6,6.5,2.6,0,0,0,5.5,7.5,8.75,5.6,8.2,5.6,5.6
'11002773,5.6,6.25,5.2,0,0,0,8,8.25,9,5.6,10.8,5.6,5.6
'11002779,5.6,6.5,4.2,0,0,0,6.5,7.75,9.25,5.6,9.8,5.6,5.6
'11002209,5.6,5.75,3.2,0,0,0,4,7.25,8.25,5.6,8.8,5.6,5.6
'11002846,5.6,4.5,3,0,0,0,8.25,7.25,9.5,5.6,8.6,5.6,5.6
'11002406,5.6,5.75,4.6,0,0,0,4.75,8,9.75,5.6,10.2,5.6,5.6
'11002339,5.6,3,2.4,0,0,0,4.25,5.5,8.5,5.6,8,5.6,5.6
'11002271,5.6,4.25,3.2,0,0,0,3,5.75,7.25,5.6,8.8,5.6,5.6
'11002646,5.6,5.25,2,0,0,0,6.25,7.75,8.75,5.6,7.6,5.6,5.6
'11002650,5.6,7,3.2,0,0,0,4.75,6,8.75,5.6,8.8,5.6,5.6
'11002118,5.6,6.75,3.2,0,0,0,5,9,8.5,5.6,8.8,5.6,5.6
'11002415,5.6,5.75,3.2,0,0,0,3.75,3.25,7,5.6,8.8,5.6,5.6
'11002666,5.6,7.5,1.6,0,0,0,7.25,8,9.5,5.6,7.2,5.6,5.6
'11002667,5.6,4.25,3.6,0,0,0,4.25,7.25,8.25,5.6,9.2,5.6,5.6
'11002543,5.6,6.5,5.8,0,0,0,6.25,8,9,5.6,11.4,5.6,5.6
'11002683,5.6,6.25,3,0,0,0,7.75,7.5,9.25,5.6,8.6,5.6,5.6
'11002658,5.4,6,3.2,0,0,0,3.75,3,8,5.4,8.6,5.4,5.4
'11002105,5.4,4.25,3.6,0,0,0,3.75,5.75,7.75,5.4,9,5.4,5.4
'11002383,5.4,6,3.4,0,0,0,4.5,8,9.25,5.4,8.8,5.4,5.4
'11002147,5.4,7.25,2.8,0,0,0,4.75,8,9,5.4,8.2,5.4,5.4
'11002299,5.4,5.5,1.6,0,0,0,6.75,6.75,8.75,5.4,7,5.4,5.4
'11002108,5.4,5,3,0,0,0,4.5,6.75,9,5.4,8.4,5.4,5.4
'11002254,5.4,5,2,0,0,0,6,7.75,8.75,5.4,7.4,5.4,5.4
'11002206,5.4,3.75,3,0,0,0,4.75,6.75,9,5.4,8.4,5.4,5.4
'11002808,5.4,6.5,4.4,0,0,0,5.5,7.25,9,5.4,9.8,5.4,5.4
'11002696,5.4,6.5,2.4,0,0,0,6.5,5.75,9.75,5.4,7.8,5.4,5.4
'11002208,5.4,5.25,2,0,0,0,5.75,7.25,8,5.4,7.4,5.4,5.4
'11002030,5.4,5.25,3.4,0,0,0,3.5,6.5,9.25,5.4,8.8,5.4,5.4
'11002704,5.4,6.25,3,0,0,0,6.5,7.75,8.75,5.4,8.4,5.4,5.4
'11002587,5.4,5.25,3.2,0,0,0,4.75,7.5,8.25,5.4,8.6,5.4,5.4
'11002820,5.4,4.75,2.6,0,0,0,6.5,7.25,8.75,5.4,8,5.4,5.4
'11002265,5.4,6.5,3.8,0,0,0,5.5,7.25,8.75,5.4,9.2,5.4,5.4
'11002082,5.4,5.5,2,0,0,0,6,6.25,6,5.4,7.4,5.4,5.4
'11002185,5.4,5,2.2,0,0,0,5.25,5.25,7,5.4,7.6,5.4,5.4
'11002317,5.4,7,3.6,0,0,0,4.25,8.75,10,5.4,9,5.4,5.4
'11002234,5.4,5,3.6,0,0,0,3.5,6.75,8,5.4,9,5.4,5.4
'11002418,5.4,7.25,4.2,0,0,0,5.5,6.5,8.5,5.4,9.6,5.4,5.4
'11002749,5.4,5.75,4.6,0,0,0,5.25,6.75,8.25,5.4,10,5.4,5.4
'11002272,5.4,5,3.4,0,0,0,6,7.5,7.5,5.4,8.8,5.4,5.4
'11002126,5.4,4,3.2,0,0,0,4,7,7.25,5.4,8.6,5.4,5.4
'11002422,5.4,7,2.4,0,0,0,6,6.25,8,5.4,7.8,5.4,5.4
'11002764,5.4,6,4,0,0,0,6,8.25,8.75,5.4,9.4,5.4,5.4
'11002765,5.4,6,3.4,0,0,0,7,7.25,9.5,5.4,8.8,5.4,5.4
'11002220,5.4,6.25,2.8,0,0,0,5.25,7.5,8.25,5.4,8.2,5.4,5.4
'11002620,5.4,5.75,2.6,0,0,0,5,7.5,9,5.4,8,5.4,5.4
'11002843,5.4,5.25,2.6,0,0,0,5.25,6.5,7,5.4,8,5.4,5.4
'11002844,5.4,5.5,2.4,0,0,0,6.25,8,8.25,5.4,7.8,5.4,5.4
'11002238,5.4,5.5,2.2,0,0,0,6,8.25,8.75,5.4,7.6,5.4,5.4
'11002560,5.4,7,2.4,0,0,0,5.25,6.75,8,5.4,7.8,5.4,5.4
'11002159,5.4,2.5,2.2,0,0,0,3.75,6.75,8,5.4,7.6,5.4,5.4
'11002333,5.4,6.5,2.4,0,0,0,4.5,5.25,8.5,5.4,7.8,5.4,5.4
'11002855,5.4,6.5,2.6,0,0,0,5,7.5,9.5,5.4,8,5.4,5.4
'11002336,5.4,5.5,2.8,0,0,0,5.25,8.5,9,5.4,8.2,5.4,5.4
'11002431,5.4,5.5,3,0,0,0,7,6.25,9.25,5.4,8.4,5.4,5.4
'11002374,5.4,5.75,3.4,0,0,0,4.25,7.5,8.5,5.4,8.8,5.4,5.4
'11002647,5.4,6.5,3.4,0,0,0,5,7.75,9.75,5.4,8.8,5.4,5.4
'11002788,5.4,5.75,4.2,0,0,0,5.5,7.75,9,5.4,9.6,5.4,5.4
'11002532,5.4,7,2.8,0,0,0,6.75,6.25,8.75,5.4,8.2,5.4,5.4
'11002653,5.4,7,3,0,0,0,5.75,7.5,9.25,5.4,8.4,5.4,5.4
'11002337,5.4,5,3.4,0,0,0,4.25,7.75,8.5,5.4,8.8,5.4,5.4
'11002871,5.4,5.5,4.4,0,0,0,6,7.75,8.75,5.4,9.8,5.4,5.4
'11002512,5.2,7.75,3.8,0,0,0,5,6.5,7.25,5.2,9,5.2,5.2
'11002766,5.2,6.5,4.8,0,0,0,5.5,7.75,9.25,5.2,10,5.2,5.2
'11002513,5.2,7.25,1.8,0,0,0,4,6.75,8,5.2,7,5.2,5.2
'11002449,5.2,8,3.2,0,0,0,7.75,7.5,8.5,5.2,8.4,5.2,5.2
'11002015,5.2,6.5,4.8,0,0,0,4.75,6.25,8.25,5.2,10,5.2,5.2
'11002679,5.2,7,4.4,0,0,0,7.25,8.5,10,5.2,9.6,5.2,5.2
'11002252,5.2,5.75,1.4,0,0,0,5.5,7.75,8.5,5.2,6.6,5.2,5.2
'11002404,5.2,6,3.2,0,0,0,4,6.5,8.75,5.2,8.4,5.2,5.2
'11002603,5.2,8,2.8,0,0,0,5.5,7.25,8.5,5.2,8,5.2,5.2
'11002572,5.2,4,3,0,0,0,3.75,4.75,7,5.2,8.2,5.2,5.2
'11002615,5.2,6,3.2,0,0,0,7.25,7.5,8.5,5.2,8.4,5.2,5.2
'11002700,5.2,7.5,3,0,0,0,5.25,7.25,8.5,5.2,8.2,5.2,5.2
'11002371,5.2,5.25,3.6,0,0,0,3.75,8.5,8.75,5.2,8.8,5.2,5.2
'11002253,5.2,7.5,4.2,0,0,0,3.25,7.5,9,5.2,9.4,5.2,5.2
'11002726,5.2,6.5,4.6,0,0,0,7.25,8,8.75,5.2,9.8,5.2,5.2
'11002623,5.2,6.5,2.2,0,0,0,6,6.25,8.75,5.2,7.4,5.2,5.2
'11002794,5.2,6.58,3.8,0,0,0,6.5,7.75,9,5.2,9,5.2,5.2
'11002216,5.2,4.5,2.8,0,0,0,4.5,7,7.75,5.2,8,5.2,5.2
'11002256,5.2,4,2.4,0,0,0,6,6,7.75,5.2,7.6,5.2,5.2
'11002414,5.2,7,2.8,0,0,0,4.5,5.5,8,5.2,8,5.2,5.2
'11002080,5.2,5.5,3,0,0,0,5.25,6.5,8.75,5.2,8.2,5.2,5.2
'11002745,5.2,6,2.6,0,0,0,4.25,6,8,5.2,7.8,5.2,5.2
'11002168,5.2,7,2,0,0,0,3.25,7.25,8.25,5.2,7.2,5.2,5.2
'11002129,5.2,5,3.2,0,0,0,4,6.75,8.5,5.2,8.4,5.2,5.2
'11002390,5.2,6.75,3.2,0,0,0,6.75,7.75,9,5.2,8.4,5.2,5.2
'11002189,5.2,5.5,2.6,0,0,0,4.75,7.25,8.25,5.2,7.8,5.2,5.2
'11002753,5.2,6.25,3.6,0,0,0,8,6.5,7.5,5.2,8.8,5.2,5.2
'11002245,5.2,6.5,3.8,0,0,0,6.75,8.25,8.75,5.2,9,5.2,5.2
'11002510,5.2,7.5,5,0,0,0,9.25,8.5,8.75,5.2,10.2,5.2,5.2
'11002763,5.2,7,4.2,0,0,0,4.5,7,8.25,5.2,9.4,5.2,5.2
'11002098,5.2,5.5,3,0,0,0,3,6,7.75,5.2,8.2,5.2,5.2
'11002801,5,4.5,3.4,0,0,0,5.5,8,8.75,5,8.4,5,5
'11002426,5,5.75,3.2,0,0,0,6,7.25,7.25,5,8.2,5,5
'11002509,5,6,2.6,0,0,0,3.5,6,6.75,5,7.6,5,5
'11002284,5,7.5,3.2,0,0,0,4.75,7,8.5,5,8.2,5,5
'11002594,5,5.25,1.8,0,0,0,5.25,7.25,8.25,5,6.8,5,5
'11002722,5,8.25,4,0,0,0,4.5,7.25,8.75,5,9,5,5
'11002428,5,6.5,4.2,0,0,0,5.5,6.5,7.5,5,9.2,5,5
'11002057,5,6.17,2.8,0,0,0,7,7.5,8.5,5,7.8,5,5
'11002175,5,4.25,2.2,0,0,0,4.25,7,9,5,7.2,5,5
'11002106,5,5,1.6,0,0,0,5,6.25,8.5,5,6.6,5,5
'11002210,5,6.25,3,0,0,0,5.75,7,7.75,5,8,5,5
'11002474,5,6.5,2.2,0,0,0,4.75,7,8.5,5,7.2,5,5
'11002608,5,5.75,2.2,0,0,0,5,7.75,9.25,5,7.2,5,5
'11002225,5,3.5,3.2,0,0,0,4,8,8,5,8.2,5,5
'11002331,5,5.75,3.2,0,0,0,5,6.5,8.5,5,8.2,5,5
'11002211,5,5.75,3.8,0,0,0,6.75,8,9,5,8.8,5,5
'11002562,5,6.5,3.8,0,0,0,8.25,8.5,9.75,5,8.8,5,5
'11002119,5,6,3.8,0,0,0,3,7,7,5,8.8,5,5
'11002365,5,5,2.4,0,0,0,3.5,6.75,6.75,5,7.4,5,5
'11002631,5,4,2.4,0,0,0,2.75,0,0,5,7.4,5,5
'11002303,5,4.25,3.4,0,0,0,6.75,7.25,8.25,5,8.4,5,5
'11002267,5,6.25,2,0,0,0,3.5,8.25,6.75,5,7,5,5
'11002640,5,5,2.2,0,0,0,5,6,9,5,7.2,5,5
'11002529,5,6.25,2.8,0,0,0,5.25,6.5,7.75,5,7.8,5,5
'11002445,5,5.75,2.8,0,0,0,4.75,5.5,6.25,5,7.8,5,5
'11002488,5,7.5,4.2,0,0,0,4.75,7,8,5,9.2,5,5
'11002242,5,6.25,3.6,0,0,0,5,6,7.75,5,8.6,5,5
'11002005,5,5.75,3.2,0,0,0,4.25,6.5,8.25,5,8.2,5,5
'11002230,5,4.25,3.4,0,0,0,3.75,7.5,8.25,5,8.4,5,5
'11002115,5,4.75,5.6,0,0,0,6.75,6.75,7,5,10.6,5,5
'11002182,5,4.25,3.2,0,0,0,4.75,6.25,8,5,8.2,5,5
'11002314,5,5.92,3.6,0,0,0,5,7.5,7.25,5,8.6,5,5
'11002500,5,6.25,3,0,0,0,6.5,7.25,8,5,8,5,5
'11002675,5,6,1.8,0,0,0,5,6.5,8,5,6.8,5,5
'11002347,5,5.5,1.6,0,0,0,6.25,7.5,8.25,5,6.6,5,5
'11002585,5,7,3.6,0,0,0,5.25,6.75,7.25,5,8.6,5,5
'11002459,5,6,3,0,0,0,5.25,6.25,8,5,8,5,5
'11002504,5,8.5,3.2,0,0,0,5,7.5,8.75,5,8.2,5,5
'11002689,5,5.25,3.2,0,0,0,4.75,7,9,5,8.2,5,5
'11002690,5,6,3.6,0,0,0,6.75,8,9.75,5,8.6,5,5
'11002505,5,7,3.2,0,0,0,5.5,6.5,8.5,5,8.2,5,5
'11002280,5,2.75,1.8,0,0,0,3.25,6.75,7,5,6.8,5,5
'11002800,5,5.5,2.4,0,0,0,3.5,5.5,5.75,5,7.4,5,5
'11002065,4.8,5.5,2.6,0,0,0,7.25,8.25,8.75,4.8,7.4,4.8,4.8
'11002113,4.8,4.25,1,0,0,0,4.5,6.5,5.75,4.8,5.8,4.8,4.8
'11002302,4.8,4,2.8,0,0,0,3.5,7.75,9,4.8,7.6,4.8,4.8
'11002364,4.8,6.5,5.2,0,0,0,6.5,8.5,8,4.8,10,4.8,4.8
'11002498,4.8,5.25,1,0,0,0,4.75,5.5,6.75,4.8,5.8,4.8,4.8
'11002260,4.8,5.5,2.6,0,0,0,5.75,5.5,7.25,4.8,7.4,4.8,4.8
'11002501,4.8,6.75,4.2,0,0,0,5.5,7,8,4.8,9,4.8,4.8
'11002828,4.8,4.25,2.8,0,0,0,6.25,7.25,8.5,4.8,7.6,4.8,4.8
'11002568,4.8,5.5,2.2,0,0,0,5.25,8.25,7,4.8,7,4.8,4.8
'11002830,4.8,7.75,4.8,0,0,0,6.75,8,9.25,4.8,9.6,4.8,4.8
'11002774,4.8,6.75,3.2,0,0,0,5,7.25,8.5,4.8,8,4.8,4.8
'11002776,4.8,5.5,3.4,0,0,0,5.5,7,8.5,4.8,8.2,4.8,4.8
'11002694,4.8,8.25,3.6,0,0,0,4.5,8,10,4.8,8.4,4.8,4.8
'11002193,4.8,6.42,3.8,0,0,0,3.5,6.25,7.25,4.8,8.6,4.8,4.8
'11002467,4.8,6.25,4,0,0,0,5.25,6,6.5,4.8,8.8,4.8,4.8
'11002470,4.8,6,0,0,0,0,4,7.25,0,4.8,4.8,4.8,4.8
'11002325,4.8,6,3.2,0,0,0,2.75,6,7.5,4.8,8,4.8,4.8
'11002438,4.8,6.75,3.2,0,0,0,9,8.75,8.25,4.8,8,4.8,4.8
'11002705,4.8,6.25,3,0,0,0,6.25,8,7.75,4.8,7.8,4.8,4.8
'11002368,4.8,5.75,2.8,0,0,0,4.5,7.75,9,4.8,7.6,4.8,4.8
'11002369,4.8,6,3.4,0,0,0,4.25,7,8.25,4.8,8.2,4.8,4.8
'11002576,4.8,7,3,0,0,0,4.5,8,8.5,4.8,7.8,4.8,4.8
'11002344,4.8,4.25,3.2,0,0,0,4.75,7.25,9.75,4.8,8,4.8,4.8
'11002476,4.8,5.25,4.6,0,0,0,6,7.25,8,4.8,9.4,4.8,4.8
'11002326,4.8,7,2.2,0,0,0,4.75,7.25,9.75,4.8,7,4.8,4.8
'11002799,4.8,6.5,3.2,0,0,0,4.5,6.5,7.5,4.8,8,4.8,4.8
'11002130,4.8,7.5,3.2,0,0,0,6,8,9.25,4.8,8,4.8,4.8
'11002856,4.8,6,3.6,0,0,0,7,7.75,8,4.8,8.4,4.8,4.8
'11002350,4.8,5.5,3.2,0,0,0,4,6.5,8.5,4.8,8,4.8,4.8
'11002049,4.8,5,2.8,0,0,0,2.75,6.5,7.5,4.8,7.6,4.8,4.8
'11002137,4.8,4,4,0,0,0,3,6.25,7.75,4.8,8.8,4.8,4.8
'11002101,4.8,6,2.2,0,0,0,6.5,8.25,9,4.8,7,4.8,4.8
'11002863,4.8,5.5,3.2,0,0,0,5,7.25,8.5,4.8,8,4.8,4.8
'11002141,4.8,8.5,3.6,0,0,0,6.5,7.5,9.25,4.8,8.4,4.8,4.8
'11002386,4.8,6,2.6,0,0,0,5,7,9.25,4.8,7.4,4.8,4.8
'11002313,4.8,6.5,3.4,0,0,0,3.75,7.75,8.5,4.8,8.2,4.8,4.8
'11002591,4.8,5.25,0,0,0,0,4.5,6.5,0,4.8,4.8,4.8,4.8
'11002297,4.8,4.5,2,0,0,0,4.25,6.25,7.5,4.8,6.8,4.8,4.8
'11002651,4.6,8.25,4.4,0,0,0,4.25,6.25,9,4.6,9,4.6,4.6
'11002732,4.6,5.5,3.2,0,0,0,6,8,9.5,4.6,7.8,4.6,4.6
'11002786,4.6,5.75,4,0,0,0,6,7,8,4.6,8.6,4.6,4.6
'11002084,4.6,4.25,3.4,0,0,0,4.5,6.25,6.75,4.6,8,4.6,4.6
'11002520,4.6,5.5,2.6,0,0,0,3.75,5.25,6.25,4.6,7.2,4.6,4.6
'11002499,4.6,6.5,3.8,0,0,0,6,5.75,8.75,4.6,8.4,4.6,4.6
'11002200,4.6,5,2.6,0,0,0,4.25,7.75,8,4.6,7.2,4.6,4.6
'11002453,4.6,5.5,4.4,0,0,0,5.75,7.75,6.75,4.6,9,4.6,4.6
'11002380,4.6,6,3.8,0,0,0,5.25,6.75,8.5,4.6,8.4,4.6,4.6
'11002202,4.6,2.75,3.2,0,0,0,6.5,6,7,4.6,7.8,4.6,4.6
'11002156,4.6,4.5,4.6,0,0,0,4.5,6.75,8,4.6,9.2,4.6,4.6
'11002752,4.6,4,4.2,0,0,0,5.75,6.25,8.75,4.6,8.8,4.6,4.6
'11002616,4.6,6,3.4,0,0,0,4.75,7.5,8.75,4.6,8,4.6,4.6
'11002413,4.6,5,0,0,0,0,3.25,5.5,0,4.6,4.6,4.6,4.6
'11002758,4.6,5.75,2.8,0,0,0,4.5,6,6.75,4.6,7.4,4.6,4.6
'11002067,4.6,5.25,3.4,0,0,0,3.75,7,7,4.6,8,4.6,4.6
'11002250,4.6,3.5,2.2,0,0,0,3.5,6,7,4.6,6.8,4.6,4.6
'11002625,4.6,5.25,2.2,0,0,0,5,6.5,9.25,4.6,6.8,4.6,4.6
'11002348,4.6,4.5,2.2,0,0,0,2.5,6.5,9.75,4.6,6.8,4.6,4.6
'11002251,4.6,5,4,0,0,0,3.75,7.75,7.25,4.6,8.6,4.6,4.6
'11002393,4.6,6.25,2.4,0,0,0,6.25,6.5,8.75,4.6,7,4.6,4.6
'11002810,4.6,5,3.2,0,0,0,6.5,8.25,9.25,4.6,7.8,4.6,4.6
'11002394,4.6,5.25,2,0,0,0,7.5,9,8.5,4.6,6.6,4.6,4.6
'11002465,4.6,6.25,2,0,0,0,4,7.25,8,4.6,6.6,4.6,4.6
'11002315,4.6,6.75,3,0,0,0,4.5,5.75,8.25,4.6,7.6,4.6,4.6
'11002817,4.6,5.25,2.8,0,0,0,7,8.5,8.75,4.6,7.4,4.6,4.6
'11002373,4.6,6.5,2.6,0,0,0,5,7.25,8.75,4.6,7.2,4.6,4.6
'11002399,4.6,5,3.2,0,0,0,4.5,8,8.75,4.6,7.8,4.6,4.6
'11002544,4.6,5.25,3.2,0,0,0,3.75,5.25,6.25,4.6,7.8,4.6,4.6
'11002649,4.6,6.75,2.4,0,0,0,4.25,6.25,7.5,4.6,7,4.6,4.6
'11002824,4.6,5.25,2.4,0,0,0,5.5,7,8.5,4.6,7,4.6,4.6
'11002363,4.6,6.75,3,0,0,0,4,7.25,8.75,4.6,7.6,4.6,4.6
'11002381,4.4,4.75,2,0,0,0,3.75,6.75,8,4.4,6.4,4.4,4.4
'11002610,4.4,6.25,4,0,0,0,5.5,8,9.25,4.4,8.4,4.4,4.4
'11002120,4.4,5.58,2.8,0,0,0,4.75,8.25,7.25,4.4,7.2,4.4,4.4
'11002768,4.4,5.25,4,0,0,0,4.5,5.25,7.75,4.4,8.4,4.4,4.4
'11002821,4.4,4,2.2,0,0,0,4.25,6.75,8.25,4.4,6.6,4.4,4.4
'11002059,4.4,4.5,4.4,0,0,0,6,6.75,7.5,4.4,8.8,4.4,4.4
'11002420,4.4,4.5,2.2,0,0,0,3,6.25,7.25,4.4,6.6,4.4,4.4
'11002091,4.4,5.75,3.8,0,0,0,4.5,6.25,7.25,4.4,8.2,4.4,4.4
'11002361,4.4,8.5,2.4,0,0,0,6.75,7.5,9.5,4.4,6.8,4.4,4.4
'11002698,4.4,8,3.2,0,0,0,6.5,8,10,4.4,7.6,4.4,4.4
'11002362,4.4,5.5,3.4,0,0,0,4.25,7,8.5,4.4,7.8,4.4,4.4
'11002070,4.4,6,2.2,0,0,0,3.75,5.5,9,4.4,6.6,4.4,4.4
'11002269,4.4,6,3.8,0,0,0,3.25,5.5,7.75,4.4,8.2,4.4,4.4
'11002782,4.4,4.75,4.2,0,0,0,6.5,6.75,7.25,4.4,8.6,4.4,4.4
'11002157,4.4,4.25,2.2,0,0,0,3.75,6.25,8,4.4,6.6,4.4,4.4
'11002320,4.4,5,3.4,0,0,0,4.75,7,7.75,4.4,7.8,4.4,4.4
'11002707,4.4,5.5,4,0,0,0,6.5,6.75,8,4.4,8.4,4.4,4.4
'11002713,4.4,6.5,2,0,0,0,5.5,6.75,8.25,4.4,6.4,4.4,4.4
'11002633,4.4,4,3.4,0,0,0,4.75,6.75,9,4.4,7.8,4.4,4.4
'11002112,4.4,5,3.2,0,0,0,5.5,8,9.25,4.4,7.6,4.4,4.4
'11002636,4.4,6,2.2,0,0,0,4.75,6,9,4.4,6.6,4.4,4.4
'11002495,4.4,6.75,3.4,0,0,0,5.75,6.75,8.75,4.4,7.8,4.4,4.4
'11002173,4.4,6.25,4.8,0,0,0,6,7.5,9.75,4.4,9.2,4.4,4.4
'11002273,4.4,5.5,2,0,0,0,2.25,7.5,7.5,4.4,6.4,4.4,4.4
'11002527,4.4,5.5,2,0,0,0,4,6.25,6.5,4.4,6.4,4.4,4.4
'11002304,4.4,4.5,4.8,0,0,0,3.5,6.75,8.25,4.4,9.2,4.4,4.4
'11002328,4.4,5.25,3.2,0,0,0,4.75,8,8.5,4.4,7.6,4.4,4.4
'11002274,4.4,6,1.6,0,0,0,5.75,7,8,4.4,6,4.4,4.4
'11002436,4.4,5.25,2.4,0,0,0,5,7.25,9.25,4.4,6.8,4.4,4.4
'11002050,4.4,5,0,0,0,0,4.5,0,0,4.4,4.4,4.4,4.4
'11002140,4.4,4.75,2.2,0,0,0,3.25,6.75,7.25,4.4,6.6,4.4,4.4
'11002412,4.4,5,0,0,0,0,5.5,7.5,0,4.4,4.4,4.4,4.4
'11002566,4.4,4,0,0,0,0,3.5,6,0,4.4,4.4,4.4,4.4
'11002165,4.4,6.75,3.2,0,0,0,6.75,7.5,8.5,4.4,7.6,4.4,4.4
'11002673,4.4,5.58,2.6,0,0,0,4.5,7,8.75,4.4,7,4.4,4.4
'11002809,4.4,5,3.6,0,0,0,4.25,6.75,7.75,4.4,8,4.4,4.4
'11002759,4.4,7.25,5.6,0,0,0,7,6.25,8.75,4.4,10,4.4,4.4
'11002194,4.4,5,2.8,0,0,0,2.75,5.75,7.25,4.4,7.2,4.4,4.4
'11002288,4.4,5,1.8,0,0,0,4.25,6,6.25,4.4,6.2,4.4,4.4
'11002606,4.4,6,4.2,0,0,0,6.25,7.75,10,4.4,8.6,4.4,4.4
'11002408,4.2,5,2.6,0,0,0,2.5,5.5,7,4.2,6.8,4.2,4.2
'11002128,4.2,4.5,3,0,0,0,3.5,7,6,4.2,7.2,4.2,4.2
'11002656,4.2,5,3,0,0,0,5.75,8,9.25,4.2,7.2,4.2,4.2
'11002477,4.2,6.75,3.8,0,0,0,5.5,6.25,7.75,4.2,8,4.2,4.2
'11002663,4.2,7.25,4.2,0,0,0,7.5,7,9.25,4.2,8.4,4.2,4.2
'11002733,4.2,6,3,0,0,0,6.75,7.25,8.25,4.2,7.2,4.2,4.2
'11002319,4.2,5.5,2.6,0,0,0,4,5.25,7,4.2,6.8,4.2,4.2
'11002243,4.2,3.5,2.6,0,0,0,4,6.5,7.5,4.2,6.8,4.2,4.2
'11002283,4.2,3.5,1.8,0,0,0,4.75,5.5,6.5,4.2,6,4.2,4.2
'11002481,4.2,4.75,4.2,0,0,0,3.75,7.75,6.75,4.2,8.4,4.2,4.2
'11002746,4.2,5.75,2,0,0,0,4,7,8.25,4.2,6.2,4.2,4.2
'11002323,4.2,5.5,3.2,0,0,0,3.75,4.25,7.5,4.2,7.4,4.2,4.2
'11002306,4.2,5.25,2.4,0,0,0,3.5,6.25,6.25,4.2,6.6,4.2,4.2
'11002074,4.2,3.25,2.8,0,0,0,5.25,0,0,4.2,7,4.2,4.2
'11002681,4.2,6,2.4,0,0,0,3.5,5.25,9,4.2,6.6,4.2,4.2
'11002285,4.2,7,4.8,0,0,0,5.25,7.5,8.5,4.2,9,4.2,4.2
'11002039,4.2,5.75,0,0,0,0,4,4.5,0,4.2,4.2,4.2,4.2
'11002207,4.2,6.25,2.2,0,0,0,4.5,7.75,8.5,4.2,6.4,4.2,4.2
'11002491,4.2,4,0,0,0,0,4.5,6.75,0,4.2,4.2,4.2,4.2
'11002845,4.2,5.5,2.4,0,0,0,4,6.5,8,4.2,6.6,4.2,4.2
'11002692,4.2,5.75,3.6,0,0,0,7,8.25,9.5,4.2,7.8,4.2,4.2
'11002540,4.2,6.75,2.8,0,0,0,1.5,4,5.75,4.2,7,4.2,4.2
'11002178,4.2,4.5,2.8,0,0,0,4,7.5,7.5,4.2,7,4.2,4.2
'11002131,4.2,4.5,2.8,0,0,0,3.25,5.25,6.25,4.2,7,4.2,4.2
'11002697,4.2,6.75,3.2,0,0,0,4.75,6.25,9,4.2,7.4,4.2,4.2
'11002132,4.2,5,2.8,0,0,0,5.5,6.5,7.5,4.2,7,4.2,4.2
'11002642,4.2,7,2.8,0,0,0,6.5,7,9.25,4.2,7,4.2,4.2
'11002813,4.2,5.25,2.6,0,0,0,6,8,9,4.2,6.8,4.2,4.2
'11002143,4.2,6.75,3.4,0,0,0,4.25,7.75,9,4.2,7.6,4.2,4.2
'11002545,4.2,5,3.2,0,0,0,5.75,6.5,7.75,4.2,7.4,4.2,4.2
'11002226,4.2,6,4.6,0,0,0,4.5,5.75,8,4.2,8.8,4.2,4.2
'11002771,4.2,6.5,2.6,0,0,0,3.75,5.5,9,4.2,6.8,4.2,4.2
'11002867,4.2,4,3.6,0,0,0,4.25,6,7.5,4.2,7.8,4.2,4.2
'11002064,4.2,5.5,2.8,0,0,0,4.5,7.5,6.75,4.2,7,4.2,4.2
'11002706,4.2,6,3.8,0,0,0,6.25,6.25,7.5,4.2,8,4.2,4.2
'11002599,4.2,6.75,3.8,0,0,0,6.75,7.5,8.75,4.2,8,4.2,4.2
'11002214,4.2,5.75,2.4,0,0,0,6.75,6.5,8.75,4.2,6.6,4.2,4.2
'11002305,4,4.75,4,0,0,0,2.5,6.25,6.75,4,8,4,4
'11002577,4,5.25,3.2,0,0,0,4.25,7.25,8.25,4,7.2,4,4
'11002107,4,5.5,2.6,0,0,0,4.75,6.25,7.5,4,6.6,4,4
'11002716,4,5,3,0,0,0,7.25,7.5,9,4,7,4,4
'11002093,4,3,2.8,0,0,0,2.5,6.25,7.75,4,6.8,4,4
'11002724,4,6,3.4,0,0,0,4.25,7.25,7.75,4,7.4,4,4
'11002677,4,6.5,3.4,0,0,0,6.5,7.5,9.75,4,7.4,4,4
'11002727,4,5.5,3.2,0,0,0,6.5,7.75,9.25,4,7.2,4,4
'11002181,4,5.5,3.2,0,0,0,6.5,7.5,8.5,4,7.2,4,4
'11002842,4,6.5,3.8,0,0,0,4.5,5.25,7.5,4,7.8,4,4
'11002601,4,6.75,3.4,0,0,0,5,6.5,8.75,4,7.4,4,4
'11002058,4,4.5,1.8,0,0,0,3.25,7,5.75,4,5.8,4,4
'11002604,4,7,0,0,0,0,0,0,8.5,4,4,4,4
'11002734,4,6.5,4.4,0,0,0,4.75,6,8.25,4,8.4,4,4
'11002183,4,3,2,0,0,0,5,5.25,5.5,4,6,4,4
'11002778,4,3.75,2.4,0,0,0,4.5,6.25,7,4,6.4,4,4
'11002851,4,4.5,2.6,0,0,0,6,7.5,9,4,6.6,4,4
'11002149,4,3.5,3.2,0,0,0,3.25,5.25,5.25,4,7.2,4,4
'11002740,4,5,3,0,0,0,3.5,5.5,9,4,7,4,4
'11002416,4,7.5,3,0,0,0,4.5,7.5,8.25,4,7,4,4
'11002648,4,7,2.4,0,0,0,5,8.25,8.25,4,6.4,4,4
'11002533,4,5.25,2.8,0,0,0,5.25,5.5,8.25,4,6.8,4,4
'11002614,4,6.25,3.4,0,0,0,5.5,7.75,9.25,4,7.4,4,4
'11002382,4,4.5,3.6,0,0,0,5.5,7,7.5,4,7.6,4,4
'11002466,4,5.75,2.2,0,0,0,6,7.5,7.75,4,6.2,4,4
'11002197,4,4.25,3.2,0,0,0,5.75,6.5,7.75,4,7.2,4,4
'11002469,4,5.75,3.2,0,0,0,4.75,7.5,8.75,4,7.2,4,4
'11002289,4,3.5,2.2,0,0,0,2.25,5.5,5.75,4,6.2,4,4
'11002660,4,8.25,3,0,0,0,6,6.75,9,4,7,4,4
'11002135,4,5,3.8,0,0,0,4.5,7.5,8.5,4,7.8,4,4
'11002387,4,5.5,3,0,0,0,3.75,6.5,7.25,4,7,4,4
'11002600,3.8,6,2.8,0,0,0,4.75,6.5,7.75,3.8,6.6,3.8,3.8
'11002088,3.8,4.75,3.2,0,0,0,5.25,7,8.25,3.8,7,3.8,3.8
'11002405,3.8,5.5,2.4,0,0,0,4.5,6.75,6.75,3.8,6.2,3.8,3.8
'11002199,3.8,3.5,0,0,0,0,4.25,5.5,0,3.8,3.8,3.8,3.8
'11002083,3.8,4.25,1.8,0,0,0,5,8,7.5,3.8,5.6,3.8,3.8
'11002451,3.8,4.75,2.6,0,0,0,4.25,4.25,6.75,3.8,6.4,3.8,3.8
'11002691,3.8,4.25,3,0,0,0,5.75,7.5,8.25,3.8,6.8,3.8,3.8
'11002264,3.8,3.75,3,0,0,0,3.75,4.75,6.25,3.8,6.8,3.8,3.8
'11002201,3.8,4,2.4,0,0,0,2.5,5.25,6,3.8,6.2,3.8,3.8
'11002613,3.8,6.25,3.6,0,0,0,5.75,7.75,9,3.8,7.4,3.8,3.8
'11002275,3.8,5.75,2.2,0,0,0,2.75,2.25,2.25,3.8,6,3.8,3.8
'11002743,3.8,5.5,3.4,0,0,0,4.25,6.25,6,3.8,7.2,3.8,3.8
'11002744,3.8,4.75,3,0,0,0,4.5,6.5,6.75,3.8,6.8,3.8,3.8
'11002276,3.8,3.75,2.4,0,0,0,5.75,6.75,7.75,3.8,6.2,3.8,3.8
'11002266,3.8,6.75,3,0,0,0,5.25,6.25,8.75,3.8,6.8,3.8,3.8
'11002278,3.8,5.5,3.2,0,0,0,6.25,6.5,7.25,3.8,7,3.8,3.8
'11002073,3.8,5,2.8,0,0,0,3,7,6.5,3.8,6.6,3.8,3.8
'11002358,3.8,4,3.2,0,0,0,4.5,6,9,3.8,7,3.8,3.8
'11002300,3.8,4,4,0,0,0,4.5,6.75,8.25,3.8,7.8,3.8,3.8
'11002823,3.8,5.25,3.2,0,0,0,5.25,6,7.5,3.8,7,3.8,3.8
'11002484,3.8,5.25,2.4,0,0,0,4.5,7.5,9,3.8,6.2,3.8,3.8
'11002629,3.8,4.5,3,0,0,0,4.75,6.75,8,3.8,6.8,3.8,3.8
'11002095,3.8,6.5,2,0,0,0,4,6.5,8.25,3.8,5.8,3.8,3.8
'11002345,3.8,4,3.8,0,0,0,2.75,6,8,3.8,7.6,3.8,3.8
'11002715,3.8,6,4.4,0,0,0,4.75,7.25,7.25,3.8,8.2,3.8,3.8
'11002400,3.8,5.25,3.6,0,0,0,4,7.25,8.25,3.8,7.4,3.8,3.8
'11002258,3.8,5.75,2.8,0,0,0,6.5,8,8.25,3.8,6.6,3.8,3.8
'11002723,3.8,6.75,3,0,0,0,6.5,7,7.75,3.8,6.8,3.8,3.8
'11002403,3.8,5.5,3.2,0,0,0,3.5,7,8.25,3.8,7,3.8,3.8
'11002674,3.6,6.5,3.4,0,0,0,4.25,7,9,3.6,7,3.6,3.6
'11002446,3.6,5,4.8,0,0,0,4.25,5.25,6.5,3.6,8.4,3.6,3.6
'11002757,3.6,5,3.4,0,0,0,3.75,3.75,6.25,3.6,7,3.6,3.6
'11002162,3.6,5.5,2.6,0,0,0,2.75,5,7.75,3.6,6.2,3.6,3.6
'11002717,3.6,5,2.6,0,0,0,5.5,7.75,8.5,3.6,6.2,3.6,3.6
'11002760,3.6,4.5,4.4,0,0,0,4.75,4.75,8.25,3.6,8,3.6,3.6
'11002719,3.6,5,3.8,0,0,0,4.25,6,5.75,3.6,7.4,3.6,3.6
'11002192,3.6,5.25,3.6,0,0,0,4,7.5,8.75,3.6,7.2,3.6,3.6
'11002407,3.6,5.25,2.4,0,0,0,4.25,7.5,9,3.6,6,3.6,3.6
'11002321,3.6,6,2.2,0,0,0,4.5,6.75,7,3.6,5.8,3.6,3.6
'11002296,3.6,2.5,4,0,0,0,3.5,6.75,6.25,3.6,7.6,3.6,3.6
'11002096,3.6,4,2.6,0,0,0,4,5.25,3.75,3.6,6.2,3.6,3.6
'11002525,3.6,6.25,1.6,0,0,0,5.5,7,7.75,3.6,5.2,3.6,3.6
'11002455,3.6,5,2.8,0,0,0,3.75,5,7.5,3.6,6.4,3.6,3.6
'11002437,3.6,5.5,3,0,0,0,5.25,6.75,7.25,3.6,6.6,3.6,3.6
'11002655,3.6,6.5,3.8,0,0,0,4.75,7.5,9.5,3.6,7.4,3.6,3.6
'11002398,3.6,4,3.4,0,0,0,4,6,8,3.6,7,3.6,3.6
'11002424,3.6,5.5,3.4,0,0,0,3.5,6,6,3.6,7,3.6,3.6
'11002853,3.6,4.5,3.2,0,0,0,4.75,6.5,7.75,3.6,6.8,3.6,3.6
'11002736,3.6,5.5,4.2,0,0,0,4.5,7,7.5,3.6,7.8,3.6,3.6
'11002737,3.6,4.5,1.6,0,0,0,4.5,6,8.5,3.6,5.2,3.6,3.6
'11002659,3.6,4.5,3.2,0,0,0,6.25,7.75,8.5,3.6,6.8,3.6,3.6
'11002244,3.6,3,1.6,0,0,0,3.5,7.5,7.25,3.6,5.2,3.6,3.6
'11002661,3.6,7,3.4,0,0,0,5.5,7.75,8.75,3.6,7,3.6,3.6
'11002662,3.6,6,2.4,0,0,0,4.25,7.5,8.75,3.6,6,3.6,3.6
'11002237,3.6,3.5,2.8,0,0,0,5,8,8.75,3.6,6.4,3.6,3.6
'11002634,3.6,6,2.4,0,0,0,4.25,7.5,9.5,3.6,6,3.6,3.6
'11002388,3.6,6,2.2,0,0,0,7,7.25,8.5,3.6,5.8,3.6,3.6
'11002032,3.6,4.25,2.6,0,0,0,3.5,7,8.25,3.6,6.2,3.6,3.6
'11002670,3.6,4,2,0,0,0,5.25,6.25,8.5,3.6,5.6,3.6,3.6
'11002048,3.6,5.5,0,0,0,0,6.75,0,0,3.6,3.6,3.6,3.6
'11002709,3.6,5.75,3,0,0,0,7.5,8.5,8.75,3.6,6.6,3.6,3.6
'11002712,3.6,5,2.2,0,0,0,5.75,6.75,8,3.6,5.8,3.6,3.6
'11002490,3.4,6.25,1.4,0,0,0,4.5,6,7.75,3.4,4.8,3.4,3.4
'11002728,3.4,5.5,3,0,0,0,7,7,7.5,3.4,6.4,3.4,3.4
'11002812,3.4,4.25,3.2,0,0,0,4.75,4.5,6.25,3.4,6.6,3.4,3.4
'11002702,3.4,6.25,4.6,0,0,0,4.25,5,5.75,3.4,8,3.4,3.4
'11002703,3.4,6.5,4.2,0,0,0,5.75,6.75,9.25,3.4,7.6,3.4,3.4
'11002731,3.4,4,2,0,0,0,2.25,5.25,5.75,3.4,5.4,3.4,3.4
'11002680,3.4,5.25,3.2,0,0,0,3.5,7.25,8.75,3.4,6.6,3.4,3.4
'11002346,3.4,5,2.8,0,0,0,4.5,8,8.25,3.4,6.2,3.4,3.4
'11002077,3.4,3.5,4.2,0,0,0,3.25,5,5.5,3.4,7.6,3.4,3.4
'11002117,3.4,5.25,3.6,0,0,0,3.5,6.75,7.75,3.4,7,3.4,3.4
'11002389,3.4,6.5,0,0,0,0,0,0,9,3.4,3.4,3.4,3.4
'11002793,3.4,5.5,4.2,0,0,0,4.75,7.75,8,3.4,7.6,3.4,3.4
'11002711,3.4,5.5,3,0,0,0,4.25,5.75,9,3.4,6.4,3.4,3.4
'11002795,3.4,3.75,2.6,0,0,0,3.5,6.75,7.5,3.4,6,3.4,3.4
'11002738,3.4,4.5,3,0,0,0,4.5,3.75,5,3.4,6.4,3.4,3.4
'11002583,3.4,5.25,3.4,0,0,0,7.25,7,8.25,3.4,6.8,3.4,3.4
'11002536,3.4,7,3.2,0,0,0,4.5,6.5,6.5,3.4,6.6,3.4,3.4
'11002071,3.4,4.75,1.2,0,0,0,4.5,6.5,5.75,3.4,4.6,3.4,3.4
'11002671,3.4,4.25,2.6,0,0,0,6.25,6.75,9.5,3.4,6,3.4,3.4
'11002204,3.4,5.25,2.8,0,0,0,6.25,6.25,7.5,3.4,6.2,3.4,3.4
'11002831,3.4,6,2.6,0,0,0,6.25,8.25,9.75,3.4,6,3.4,3.4
'11002384,3.4,5.75,4,0,0,0,4,6.5,8,3.4,7.4,3.4,3.4
'11002865,3.4,5.25,2.6,0,0,0,6,7,7.75,3.4,6,3.4,3.4
'11002720,3.4,5.75,3.6,0,0,0,3,5,5.75,3.4,7,3.4,3.4
'11002060,3.4,5.5,3.2,0,0,0,6.5,7.25,7,3.4,6.6,3.4,3.4
'11002676,3.4,6.25,2.2,0,0,0,5.75,7.25,9.25,3.4,5.6,3.4,3.4
'11002508,3.4,4.5,0,0,0,0,4.5,5.75,0,3.4,3.4,3.4,3.4
'11002622,3.4,5.25,2.2,0,0,0,6,6,8.75,3.4,5.6,3.4,3.4
'11002138,3.2,5.25,1.8,0,0,0,4.75,6,6.5,3.2,5,3.2,3.2
'11002602,3.2,7.5,3,0,0,0,3.75,6.5,8.75,3.2,6.2,3.2,3.2
'11002755,3.2,5,4.2,0,0,0,5,7.5,7.25,3.2,7.4,3.2,3.2
'11002578,3.2,4.75,3,0,0,0,3.25,7,8.25,3.2,6.2,3.2,3.2
'11002450,3.2,4.25,4.2,0,0,0,4.5,7.25,7.75,3.2,7.4,3.2,3.2
'11002664,3.2,4.25,3.2,0,0,0,4.75,6.75,7.5,3.2,6.4,3.2,3.2
'11002775,3.2,4.25,2.4,0,0,0,3.75,4.25,5.25,3.2,5.6,3.2,3.2
'11002557,3.2,6.5,2,0,0,0,5.25,5,7.5,3.2,5.2,3.2,3.2
'11002223,3.2,6.5,2.2,0,0,0,4,5.5,5.75,3.2,5.4,3.2,3.2
'11002379,3.2,4,2,0,0,0,4.5,6.5,6.75,3.2,5.2,3.2,3.2
'11002686,3.2,5.5,2,0,0,0,5.5,7.25,9.5,3.2,5.2,3.2,3.2
'11002335,3.2,4.25,3.8,0,0,0,5.25,7.75,7.75,3.2,7,3.2,3.2
'11002626,3.2,4.75,2.4,0,0,0,5.5,6.25,9,3.2,5.6,3.2,3.2
'11002612,3.2,5.5,1.6,0,0,0,5,8.25,9,3.2,4.8,3.2,3.2
'11002517,3.2,3.5,1.8,0,0,0,4.5,5.25,6,3.2,5,3.2,3.2
'11002279,3,5.25,2,0,0,0,4.75,5.75,6.5,3,5,3,3
'11002248,3,4.25,0,0,0,0,5.5,0,0,3,3,3,3
'11002682,3,7,3,0,0,0,5,7.25,9,3,6,3,3
'11002652,3,6.5,3,0,0,0,4.75,6,8.75,3,6,3,3
'11002685,3,5.75,2.8,0,0,0,5,6.75,9,3,5.8,3,3
'11002611,3,5.5,2.8,0,0,0,4,7.5,9,3,5.8,3,3
'11002668,3,6,3.8,0,0,0,4.25,6.5,8.25,3,6.8,3,3
'11002637,3,4.25,1.8,0,0,0,3.75,4.5,8.75,3,4.8,3,3
'11002334,3,5.5,2.4,0,0,0,6.25,6.25,9,3,5.4,3,3
'11002708,3,5.25,5,0,0,0,5,7,7.5,3,8,3,3
'11002641,3,5.25,2.6,0,0,0,3.75,5.75,6.5,3,5.6,3,3
'11002281,3,3.5,3.2,0,0,0,5.25,7.25,7.5,3,6.2,3,3
'11002376,3,3.25,2.4,0,0,0,2.25,3.75,6,3,5.4,3,3
'11002195,3,4.75,2.6,0,0,0,3.75,5.25,8.25,3,5.6,3,3
'11002714,3,5.5,3.2,0,0,0,4,6.75,7.75,3,6.2,3,3
'11002695,3,7,1.4,0,0,0,3.25,6.5,7.5,3,4.4,3,3
'11002291,3,5.25,0,0,0,0,5,6.75,0,3,3,3,3
'11002061,3,5.75,2,0,0,0,3.75,7.25,6.5,3,5,3,3
'11002261,3,5.25,2.8,0,0,0,2.25,5,7,3,5.8,3,3
'11002086,2.8,3.5,2.8,0,0,0,3.5,7,6.5,2.8,5.6,2.8,2.8
'11002327,2.8,6,1.8,0,0,0,3.5,6,7.25,2.8,4.6,2.8,2.8
'11002158,2.8,3.25,2.6,0,0,0,4.5,6.5,5.5,2.8,5.4,2.8,2.8
'11002718,2.8,6,2,0,0,0,4.5,6.25,8,2.8,4.8,2.8,2.8
'11002761,2.8,5.5,4.2,0,0,0,5.25,8,6.5,2.8,7,2.8,2.8
'11002628,2.8,6.5,2.4,0,0,0,6.5,7.5,9,2.8,5.2,2.8,2.8
'11002790,2.8,0,3,0,0,0,0,0,0,2.8,5.8,2.8,2.8
'11002443,2.8,5.75,2.6,0,0,0,3,5.75,8,2.8,5.4,2.8,2.8
'11002848,2.8,5,2.8,0,0,0,5,6.75,7.75,2.8,5.6,2.8,2.8
'11002751,2.8,5,2.4,0,0,0,6.5,7,8.25,2.8,5.2,2.8,2.8
'11002741,2.8,3.5,1.4,0,0,0,4.25,2.75,6.25,2.8,4.2,2.8,2.8
'11002687,2.8,6.75,2.4,0,0,0,3.25,6,9.5,2.8,5.2,2.8,2.8
'11002153,2.8,3,0,0,0,0,4,5,0,2.8,2.8,2.8,2.8
'11002287,2.8,3.5,0,0,0,0,4.75,6.5,0,2.8,2.8,2.8,2.8
'11002617,2.6,4.75,2.6,0,0,0,4,6,9.75,2.6,5.2,2.6,2.6
'11002160,2.6,3.75,3.2,0,0,0,5,5.25,5.5,2.6,5.8,2.6,2.6
'11002710,2.6,3.5,1.2,0,0,0,3.75,5,6.25,2.6,3.8,2.6,2.6
'11002136,2.6,4.25,2.8,0,0,0,4.25,8.25,8.25,2.6,5.4,2.6,2.6
'11002401,2.6,5,2.6,0,0,0,3.5,5.75,7.5,2.6,5.2,2.6,2.6
'11002609,2.6,5.25,2,0,0,0,2.25,5.5,7.75,2.6,4.6,2.6,2.6
'11002282,2.6,4,2.2,0,0,0,3,5.25,4.5,2.6,4.8,2.6,2.6
'11002215,2.6,2.75,2.4,0,0,0,5,8.25,6.75,2.6,5,2.6,2.6
'11002029,2.6,3.75,2.8,0,0,0,3.5,0,0,2.6,5.4,2.6,2.6
'11002293,2.6,3.5,0,0,0,0,4.25,4.25,0,2.6,2.6,2.6,2.6
'11002643,2.6,5.75,3,0,0,0,4.75,7.75,8.5,2.6,5.6,2.6,2.6
'11002644,2.6,2.75,2,0,0,0,0,0,0,2.6,4.6,2.6,2.6
'11002217,2.6,4.5,2,0,0,0,4.75,6.25,0,2.6,4.6,2.6,2.6
'11002154,2.6,2.5,0,0,0,0,4,5.75,0,2.6,2.6,2.6,2.6
'11002133,2.6,4.5,3.2,0,0,0,5,7,7,2.6,5.8,2.6,2.6
'11002109,2.4,4.5,2.4,0,0,0,4,7,6.5,2.4,4.8,2.4,2.4
'11002094,2.4,5.25,2.6,0,0,0,5.75,7.25,8.25,2.4,5,2.4,2.4
'11002672,2.4,5.5,3.8,0,0,0,4.75,5.5,7.75,2.4,6.2,2.4,2.4
'11002756,2.4,4,3.2,0,0,0,4,3.75,6,2.4,5.6,2.4,2.4
'11002298,2.4,4,2.6,0,0,0,4.75,5.5,6.5,2.4,5,2.4,2.4
'11002203,2.4,5,2.4,0,0,0,3.75,4.5,6.5,2.4,4.8,2.4,2.4
'11002017,2.4,4.25,2.4,0,0,0,3.5,5.75,5.75,2.4,4.8,2.4,2.4
'11002186,2.4,5.75,1.8,0,0,0,4.5,7.25,7.75,2.4,4.2,2.4,2.4
'11002638,2.4,4.25,2.4,0,0,0,4,5,7.25,2.4,4.8,2.4,2.4
'11002619,2.2,5.25,3.2,0,0,0,3.75,4.75,7.25,2.2,5.4,2.2,2.2
'11002725,2.2,5,2.6,0,0,0,6,5.5,6.25,2.2,4.8,2.2,2.2
'11002166,2.2,5.75,3.8,0,0,0,4.25,5,7.5,2.2,6,2.2,2.2
'11002024,2.2,3.5,2.8,0,0,0,2.25,5.25,0,2.2,5,2.2,2.2
'11002684,2.2,5.5,3.2,0,0,0,4.75,6.5,9.5,2.2,5.4,2.2,2.2
'11002777,2.2,5.75,2.6,0,0,0,4,6.25,8.5,2.2,4.8,2.2,2.2
'11002721,2.2,5,2,0,0,0,4.25,6,5.75,2.2,4.2,2.2,2.2
'11002669,2.2,6.5,3.4,0,0,0,4,6,9.25,2.2,5.6,2.2,2.2
'11002184,2.2,3,2,0,0,0,2.25,5,5.25,2.2,4.2,2.2,2.2
'11002069,2,3.25,3.2,0,0,0,2.75,5.25,6.75,2,5.2,2,2
'11002468,2,5,1.8,0,0,0,4.25,0,0,2,3.8,2,2
'11002079,2,2.25,0,0,0,0,4.75,4.75,0,2,2,2,2
'11002618,2,4.75,4.8,0,0,0,4.75,5.75,8.5,2,6.8,2,2
'11002213,1.8,4.5,1.6,0,0,0,4.5,5,5.75,1.8,3.4,1.8,1.8
'11002852,1.8,3.75,2.8,0,0,0,5.25,5.5,7.75,1.8,4.6,1.8,1.8
'11002811,1.2,4,2.2,0,0,0,0,0,0,1.2,3.4,1.2,1.2
'11002607,1.2,3.25,2.6,0,0,0,4,3.25,0,1.2,3.8,1.2,1.2
'11002246,1,3.5,1.4,0,0,0,2.75,6.25,7,1,2.4,1,1
'11002034,1,0,2.2,0,0,0,4.75,7,0,1,3.2,1,1
'11002567,0,5.75,0,0,0,0,8.75,8.75,0,0,0,0,0
'11002102,0,8,0,0,0,0,8.25,8.25,0,0,0,0,0
'11002657,0,9,0,0,0,0,8.5,8.25,8.5,0,0,0,0
'11002847,0,6.75,0,0,0,0,9,9.75,0,0,0,0,0
'11002255,0,7,0,0,0,0,9,9.25,0,0,0,0,0
'11002639,0,8,0,0,0,0,9.75,9.75,0,0,0,0,0
'11002521,0,7.25,0,0,0,0,9.25,10,0,0,0,0,0
'11002781,0,7,0,0,0,0,8.75,8.5,0,0,0,0,0
'11002827,0,6.5,0,0,0,0,9.5,9.75,0,0,0,0,0
'11002435,0,0,0,0,0,0,0,0,0,0,0,0,0
'11002127,0,0,0,0,0,0,0,0,0,0,0,0,0
'11002624,0,8,0,0,0,0,9.75,9.25,0,0,0,0,0
'11002807,0,5.25,0,0,0,0,6.25,6.75,0,0,0,0,0
'11002785,0,0,0,0,0,0,0,0,0,0,0,0,0
'11002240,0,0,0,0,0,0,0,0,0,0,0,0,0
'11002378,0,0,0,0,0,0,0,0,0,0,0,0,0
'11002452,0,7.5,0,0,0,0,9.25,9.25,0,0,0,0,0
'11002861,0,0,0,0,0,0,0,0,0,0,0,0,0
'11002862,0,8,0,0,0,0,9,8.5,0,0,0,0,0
'11002198,0,6.25,0,0,0,0,7,8,0,0,0,0,0
'11002078,0,5.25,0,0,0,0,7.75,8.5,0,0,0,0,0
'11002483,0,6,0,0,0,0,7,7,0,0,0,0,0
'11002866,0,0,0,0,0,0,0,0,0,0,0,0,0
'11002150,0,0,0,0,0,0,0,0,0,0,0,0,0
'11002188,0,6.5,0,0,0,0,2.75,5.5,0,0,0,0,0
'11002262,0,0,0,0,0,0,0,0,0,0,0,0,0
'11002395,0,8.25,0,0,0,0,9.25,9,0,0,0,0,0
'11002163,0,4.33,0,0,0,0,3.25,6.5,0,0,0,0,0
,5.4,5.5,4.4,0,0,0,6,7.75,8.75,5.4,9.8,5.4,5.4
